n_estimators,learning_rate,max_depth,max_features,RMSE_P-wave_mean,RMSE_P-wave_std,RMSE_Set1_mean,RMSE_Set1_std,RMSE_Set2_mean,RMSE_Set2_std,RMSE_Set3_mean,RMSE_Set3_std,RMSE_Set4_mean,RMSE_Set4_std,R2_P-wave_mean,R2_P-wave_std,R2_Set1_mean,R2_Set1_std,R2_Set2_mean,R2_Set2_std,R2_Set3_mean,R2_Set3_std,R2_Set4_mean,R2_Set4_std
500,0.001,2,2,230.22326862381655,41.52139277012872,225.6176598390178,42.78654899558752,221.03083969977175,41.735955029433235,227.0249249287946,44.07062116936184,223.0512330819225,43.162676059457525,0.1789177746449105,0.3681932634336057,0.2127757943619622,0.3762495519096426,0.2462972031369269,0.3474554339022699,0.19994370448079907,0.39367089053746174,0.22930421982053137,0.37021602603444503
500,0.001,2,4,230.22326862381655,41.52139277012872,225.42072949822392,42.507835666557526,218.7622386571633,40.45034583491468,226.62239540103957,44.36195015013174,221.1175331829354,42.43394728085944,0.1789177746449105,0.3681932634336057,0.2154091372309158,0.37020291801619576,0.2632014570803935,0.3285757292988382,0.20317236754840626,0.39041226054844547,0.24356741994160633,0.35578695890826173
500,0.001,2,all,230.22326862381655,41.52139277012872,225.77415711498867,42.721018129074615,218.29566942644328,39.190686034271735,227.42682626204862,44.49498830628387,219.80107783048516,39.32958150969599,0.1789177746449105,0.3681932634336057,0.2127494946165651,0.37215880657911826,0.2655854718886221,0.32351970333512803,0.19739841076044487,0.3906194191269768,0.2560818143803228,0.32490522907837516
500,0.001,3,2,230.22326862381655,41.52139277012872,224.08933390410874,41.8836574448056,217.51228022496474,40.18010980917738,224.45692219864836,43.12741674236585,219.8347758432848,41.97791430977547,0.1789177746449105,0.3681932634336057,0.22458183376444196,0.3646550523161107,0.27318711859838696,0.3203118707568418,0.22033757989847705,0.3725912883718559,0.25324523205053356,0.3505199171527018
500,0.001,3,4,230.22326862381655,41.52139277012872,223.64265200057147,41.41704284816943,214.50753308064014,38.7573568325207,223.2947897312909,42.6336966677972,217.2355433375277,40.81510368457554,0.1789177746449105,0.3681932634336057,0.22846910720880204,0.35842900441528996,0.29520529032364545,0.2972382565037436,0.23013208695630216,0.359321349169179,0.27366126078191155,0.3255949666699577
500,0.001,3,all,230.22326862381655,41.52139277012872,223.75739617585847,41.496563918166736,213.9224023884795,38.01430279526061,223.37770187537228,42.21871931898795,217.42486161786275,39.371367331267614,0.1789177746449105,0.3681932634336057,0.22745663995830237,0.36039262712978737,0.29892447169961034,0.288193565395874,0.23154091003518626,0.3486351399202525,0.27353866055674425,0.3151273415508427
500,0.001,5,2,230.22326862381655,41.52139277012872,223.0732215357634,40.95809259854448,214.10738519807128,38.674935452018104,220.57743528002587,41.7859362430733,215.65654741841493,40.308029317324355,0.1789177746449105,0.3681932634336057,0.23226004103228745,0.35547351136439254,0.2986220329272355,0.2952362770318303,0.25011993629060003,0.34413035292842004,0.2850462636943819,0.31827012596502263
500,0.001,5,4,230.22326862381655,41.52139277012872,223.59116522287653,40.639744719006664,211.96938960644206,37.628929965113855,216.83039283919894,40.906182456619014,213.0569540746296,39.081442831429456,0.1789177746449105,0.3681932634336057,0.22915017867462578,0.35348332913455094,0.3146050807976483,0.2753304730002143,0.27716665831757326,0.32208374864259703,0.3056763312781194,0.2921284036779959
500,0.001,5,all,230.22326862381655,41.52139277012872,224.20873315295773,40.669586745132236,211.67541749227738,37.34533389753189,214.28820261932574,40.76714800868323,213.1026315409754,38.814143067538446,0.1789177746449105,0.3681932634336057,0.22511851579316416,0.3546035686709561,0.3174640787218744,0.26541067104281335,0.2942948253055354,0.3070329062227376,0.30966925995773953,0.26650271563576056
500,0.001,7,2,230.22326862381655,41.52139277012872,223.3193989613745,40.68381416547867,213.25076972296873,38.31755063596164,218.0084312813093,41.19922550069104,213.93321264246737,39.73669809677101,0.1789177746449105,0.3681932634336057,0.230677603151321,0.3542054424693639,0.30503151711939935,0.2887846350700784,0.2689198123693681,0.3289768648162057,0.2982117720072866,0.30503347493826766
500,0.001,7,4,230.22326862381655,41.52139277012872,224.19199781027805,40.50933793351861,212.25754605371577,37.84352374782311,213.56378873546421,40.48477250108028,211.6768537404656,38.60612617094092,0.1789177746449105,0.3681932634336057,0.2250306250874618,0.35390567919514876,0.3129552018236785,0.2767551638311359,0.3003555163460677,0.305340267411147,0.3158805379159794,0.2826000899078844
500,0.001,7,all,230.22326862381655,41.52139277012872,225.4728178141681,40.71338177230007,212.73043228785806,38.63053305118864,212.32104085846163,39.96170777369108,214.0396683546695,38.643653495780434,0.1789177746449105,0.3681932634336057,0.21591123113878097,0.359277372541549,0.3085127121398031,0.28252687884552785,0.309059071922206,0.29517133115777916,0.3024097672640317,0.2758197265100316
500,0.001,9,2,230.22326862381655,41.52139277012872,223.79791412113255,40.45149827352696,213.18968675210775,38.33040039215431,216.83590433863185,41.03268191196617,213.39612619806758,39.58239718089102,0.1789177746449105,0.3681932634336057,0.22749717399558264,0.35391398451170586,0.3055290344123248,0.2878025663756581,0.2772913769305864,0.3232373009353508,0.3026154141971669,0.29996735458190016
500,0.001,9,4,230.22326862381655,41.52139277012872,225.00195234765084,40.457669687047236,212.91678871443463,38.07338378522788,212.01858143493553,40.416685791779436,211.52384442887293,38.43083291549863,0.1789177746449105,0.3681932634336057,0.2197623056775726,0.35452022702484715,0.308803691783881,0.27819644915652425,0.3106715913297731,0.3006789321891114,0.31734597505819684,0.2810452857901122
500,0.001,9,all,230.22326862381655,41.52139277012872,226.82810552494166,40.51239141722872,214.7544337109974,36.167211623697696,211.42133758378455,39.88913675885721,216.73052488318683,38.651935484869306,0.1789177746449105,0.3681932634336057,0.20714662291601463,0.35909354361361195,0.29433037986987654,0.28420783131655963,0.31279103627388166,0.30515779699100165,0.2824751892326717,0.28735158326711896
500,0.01,2,2,230.22326862381655,41.52139277012872,222.93230119207766,35.718760980319686,199.95703651554925,31.795641434085706,221.27629783382588,40.09291317992605,205.46339422976197,36.57663047025089,0.1789177746449105,0.3681932634336057,0.2453546849593745,0.28675166888117215,0.4000872360207674,0.1758285939618227,0.25256857250834847,0.3169958604700141,0.36359848310028503,0.2154700852879483
500,0.01,2,4,230.22326862381655,41.52139277012872,223.39690273105705,35.45400089997193,199.9792273911488,31.24140068172916,216.8070740196688,40.78842034621169,204.40663586039852,36.07104767155164,0.1789177746449105,0.3681932634336057,0.24178540993832537,0.28710757802793563,0.40233030085527277,0.1566254589874979,0.28141679747773446,0.3138508244682419,0.3723390050825968,0.19798348349585285
500,0.01,2,all,230.22326862381655,41.52139277012872,223.67780397227753,35.35312857300996,199.24132166467953,31.016085711419137,214.87331942347436,40.7644362824537,202.64297673970782,35.315794954685146,0.1789177746449105,0.3681932634336057,0.2398662051036976,0.2866894141451194,0.4074877320164394,0.15140024670646537,0.2928861211431268,0.3146107239146266,0.3836234511231043,0.1824486758020794
500,0.01,3,2,230.22326862381655,41.52139277012872,224.72975340075493,33.937199616946096,202.06481848492186,31.56814914308145,214.88620498748136,38.430975857198696,204.8236521988205,36.27969363654388,0.1789177746449105,0.3681932634336057,0.2326369932088347,0.2825302956905814,0.38994184885567046,0.16146137905173788,0.29696521064981174,0.2859286422483558,0.36976775303882464,0.20065231140888953
500,0.01,3,4,230.22326862381655,41.52139277012872,226.21202866145217,33.64775991012128,204.7364817776317,31.783528182118545,207.89323732625263,38.945812459579265,205.1800601371552,36.60301698598073,0.1789177746449105,0.3681932634336057,0.22177186122514012,0.28692345971760697,0.3728284927907136,0.1640025104663426,0.34017601712616236,0.27773706419795574,0.3677533147697084,0.19480453484577426
500,0.01,3,all,230.22326862381655,41.52139277012872,226.79516613763667,33.64540221272076,206.98879325305822,30.750155553058306,207.51264813627142,38.96873214276716,206.14810491412652,34.26428019760336,0.1789177746449105,0.3681932634336057,0.2178716046456332,0.28798607739678356,0.35317789745003625,0.18948516334129695,0.34297466892219164,0.2679050406972682,0.3583581435604094,0.19666123155541632
500,0.01,5,2,230.22326862381655,41.52139277012872,230.6436605131947,32.263386686411394,209.55679726089696,32.193991327029934,208.99799258242422,37.08696860596863,204.8616385835093,34.538567369828876,0.1789177746449105,0.3681932634336057,0.1905782838480063,0.28545009686473805,0.34309347974618787,0.1735576259114039,0.33637339297519525,0.25200506440062037,0.3709730496149398,0.1897049339266833
500,0.01,5,4,230.22326862381655,41.52139277012872,233.04363430586895,32.30448365143187,214.3611035637262,31.853007415318533,204.93396415703748,38.82483243931179,204.64459284744513,32.19719099646175,0.1789177746449105,0.3681932634336057,0.17310514789624962,0.29213645644373315,0.30982759293786816,0.1865952972388464,0.36206674372739434,0.24720021188079444,0.37030134325800795,0.1886865273859916
500,0.01,5,all,230.22326862381655,41.52139277012872,234.2202803120122,32.14488475948926,221.5273379919003,35.15168924529201,206.74990323529593,39.30345301562207,207.71341898442276,32.88208350856884,0.1789177746449105,0.3681932634336057,0.16531255544131965,0.2893239377838729,0.2599676965927621,0.21552224337466397,0.3529654432544055,0.23361908980300936,0.35252800197992973,0.17745360658756484
500,0.01,7,2,230.22326862381655,41.52139277012872,236.28346455604554,31.360320419719525,213.25247092005404,31.791120040879,208.66189208457268,36.599570694898084,203.90105984136048,33.088034258559155,0.1789177746449105,0.3681932634336057,0.14847528095523177,0.2997370765711234,0.3183386300280224,0.18108703584856026,0.33921411148889374,0.2439077946997643,0.3769799755312201,0.1819391374974547
500,0.01,7,4,230.22326862381655,41.52139277012872,238.6699210296743,31.441176953826943,220.83559318549177,31.905325115790276,206.1158400553978,38.71726382429037,205.10948974552528,31.12007600796005,0.1789177746449105,0.3681932634336057,0.13095720888721366,0.3032007885374058,0.266292556308763,0.19860682269080293,0.35501322996261486,0.2436967754274468,0.3685829435509592,0.17951892353219598
500,0.01,7,all,230.22326862381655,41.52139277012872,240.95401546960522,32.139016486176374,229.90990794680897,34.18248562285443,210.01958671479173,42.18562446742705,215.54509921109843,34.305376287105815,0.1789177746449105,0.3681932634336057,0.11452023487860791,0.30870474344533694,0.2004120447540959,0.23925615400142458,0.33191359883518134,0.260251887024346,0.3020398883043315,0.2001284374566293
500,0.01,9,2,230.22326862381655,41.52139277012872,240.4111317214902,31.080399603123297,214.51293494012913,32.03757430095877,209.73230065089194,36.869632774905966,204.2455225333448,33.17627857898672,0.1789177746449105,0.3681932634336057,0.1180500045287657,0.30677226764598003,0.30932018419386204,0.18716688662648354,0.3334293368312442,0.24151805161482684,0.3752718966733804,0.18048064895005841
500,0.01,9,4,230.22326862381655,41.52139277012872,243.648939715606,30.943163250060838,220.8928020112423,31.228114872727247,207.64739954735077,39.001666949155656,206.4482344245605,31.055982412092934,0.1789177746449105,0.3681932634336057,0.09395331305904414,0.3129426904250605,0.2669638336610158,0.19256705019696532,0.3462430349079777,0.2455822283536991,0.36258338798859646,0.16843432491943824
500,0.01,9,all,230.22326862381655,41.52139277012872,246.44845436361587,31.76533565316992,232.6854670504233,34.215174742449435,213.67424877021654,41.87259122553578,225.32245134096667,32.58328249995713,0.1789177746449105,0.3681932634336057,0.07236650917786981,0.32279404615375656,0.18054303051676995,0.2403682029329693,0.3058677479404477,0.28265004070560074,0.22776161437008205,0.2507743797716268
500,0.1,2,2,230.22326862381655,41.52139277012872,234.98859098504414,30.44561026068323,218.23514946090486,37.16016196807583,211.493439274539,39.570488873723484,218.00720891316058,43.531181347642445,0.1789177746449105,0.3681932634336057,0.1584029566224456,0.28569685175337717,0.2924365310104539,0.18358912932078625,0.3184967818972035,0.2777907600871769,0.28852765906938593,0.24049139890093557
500,0.1,2,4,230.22326862381655,41.52139277012872,237.40361598846386,29.97489440727969,225.01386744709583,41.020055923631205,209.11870872921943,43.504162200895905,220.58276996288635,44.117768019591686,0.1789177746449105,0.3681932634336057,0.14010509863722465,0.2917964529134584,0.248407247428329,0.2003074165121452,0.340560391593655,0.25532226862074875,0.2735974833274459,0.23668111698649097
500,0.1,2,all,230.22326862381655,41.52139277012872,238.66720498655957,30.379535310408794,227.6749208800724,41.25103614125055,211.88096400539268,44.64862345085375,223.92713064306136,45.04248509274009,0.1789177746449105,0.3681932634336057,0.13189930539153927,0.29076380874279,0.23152407202367445,0.20597513770433012,0.3234981315791445,0.26158628814298335,0.2486488260870207,0.25311727920615373
500,0.1,3,2,230.22326862381655,41.52139277012872,247.93708555383637,29.469680136913905,227.20264909348546,38.04528742215726,209.47592584217756,39.47529152890145,217.94598705516847,38.0748379515827,0.1789177746449105,0.3681932634336057,0.0598836131929181,0.3193805409720062,0.23274328183385912,0.193572007587448,0.33553795613685083,0.2465093488306227,0.29044265686474197,0.20860380907397022
500,0.1,3,4,230.22326862381655,41.52139277012872,250.89971348134245,29.230788663651687,232.56225262906148,39.95885117162089,212.01427731010924,43.43510606606472,220.6880443813223,37.9645215786034,0.1789177746449105,0.3681932634336057,0.03588804245412381,0.3303114858031947,0.19721098790918185,0.20250325888192053,0.32084172717690057,0.26113345188432274,0.27664549412116235,0.18956283569212942
500,0.1,3,all,230.22326862381655,41.52139277012872,253.08474898403526,29.987401809847995,235.31037673115537,39.15672274469875,213.63163729261333,45.41756852484885,226.34559427112683,39.22042548059532,0.1789177746449105,0.3681932634336057,0.01824139493699358,0.34094487348868324,0.17709512129312008,0.209164106825775,0.3108420555673861,0.2716416293306015,0.23923915180658653,0.19398685785249564
500,0.1,5,2,230.22326862381655,41.52139277012872,257.7589553222497,29.57339797288417,228.11071941287722,35.485131396864624,210.05232321283117,38.11124056081918,211.71699256419873,33.085786949458964,0.1789177746449105,0.3681932634336057,-0.01806368954042168,0.34650484761856987,0.2247973424494001,0.18977214034759085,0.3305589203578009,0.24286279730535357,0.3267535349240516,0.19503273431461263
500,0.1,5,4,230.22326862381655,41.52139277012872,258.25806783057453,29.590127652908155,231.80003859972882,34.27826711162684,212.3162018042783,42.4600635924554,213.28165706944804,34.222749180881635,0.1789177746449105,0.3681932634336057,-0.021299767558780207,0.34677835410209684,0.1958810958014115,0.20405300401554508,0.31715463549489337,0.26201472854815083,0.32110302774810656,0.17648194356986435
500,0.1,5,all,230.22326862381655,41.52139277012872,259.4943818255309,29.52276017748454,235.67393383877538,36.87968797182101,213.76921736539197,43.535394660756495,216.1420280128867,33.93207586995815,0.1789177746449105,0.3681932634336057,-0.030561507796267224,0.34657254066663046,0.16291903370018332,0.23673383398381168,0.31062954029607853,0.2543390815350572,0.3011519773155689,0.1805111543375961
500,0.1,7,2,230.22326862381655,41.52139277012872,255.39304137103608,29.317335231164524,224.02009643555354,32.98970794076398,210.93815731437837,38.29322970380462,210.07869434018411,32.37899160633473,0.1789177746449105,0.3681932634336057,-0.001201692591202137,0.3499873158382998,0.2484765307236369,0.19076562368172198,0.32372171549592443,0.25222816503639583,0.3353310816231827,0.20027244498288532
500,0.1,7,4,230.22326862381655,41.52139277012872,256.5095217458269,29.38438210168782,230.41269307678598,33.50245644131046,210.55272630266361,42.05598880774035,210.7968085017482,30.891487728259303,0.1789177746449105,0.3681932634336057,-0.01077546101497723,0.35427219515728536,0.2014972251145564,0.21670147816136365,0.328791720198256,0.2559342507619341,0.3303950397852208,0.19721035891459587
500,0.1,7,all,230.22326862381655,41.52139277012872,257.9860397058428,30.015665468954772,237.1033299466929,34.832197501752525,213.67163535298172,44.11669761740928,217.9087562053662,33.88045215862754,0.1789177746449105,0.3681932634336057,-0.01979089352324745,0.34884565818545116,0.15066207516288682,0.2497241681784423,0.31053172566513937,0.26538627892143496,0.28843676393960993,0.1960536452027597
500,0.1,9,2,230.22326862381655,41.52139277012872,254.94766645613385,29.77420518870541,223.55752097594433,32.1151738736792,211.5667086159017,36.78144272201112,209.97150193473135,32.468271040634626,0.1789177746449105,0.3681932634336057,0.005020231818763809,0.3373785339495531,0.2466498852974862,0.2102250788184845,0.3230087118637902,0.23903814652476418,0.33831264548918855,0.19060357167656658
500,0.1,9,4,230.22326862381655,41.52139277012872,255.39355011331324,29.40100769964621,225.76531207080706,33.63667861121267,211.39863320005185,38.354402235130365,211.91460896661312,32.722765483784165,0.1789177746449105,0.3681932634336057,0.0008379584851870248,0.3400875457869664,0.2317971366687292,0.2140047582650043,0.320002558084164,0.25649497487992684,0.3283552023708769,0.1780777802881977
500,0.1,9,all,230.22326862381655,41.52139277012872,258.2577002664058,30.070363568896894,236.9700404113707,33.75912630970476,215.98242008556258,43.328569428147986,226.531332389009,32.528473648816934,0.1789177746449105,0.3681932634336057,-0.021463590440823018,0.34818950333920257,0.1499628579497697,0.24600615605096934,0.29085812293678254,0.29189025778464456,0.22331571615228793,0.2338144040956891
