seed,model,feature_set,RMSE,R2,MAE,Bias,Delta_RMSE,Delta_R2,Delta_MAE
1,P-wave,P-wave,260.3169489757642,-0.8238743494423018,202.6253164556962,109.49113924050633,0.0,0.0,0.0
1,RF_PI,Set1,232.3868197769908,-0.45349321849240876,182.43697908165518,102.42715378984816,-27.930129198773415,0.370381130949893,-20.188337374041026
1,RF_PI,Set2,203.7964227295404,-0.11784898686389966,159.14029416734493,59.19918176256577,-56.520526246223795,0.7060253625784021,-43.485022288351274
1,RF_PI,Set3,208.91634728941295,-0.17472137868331705,166.86567977525633,88.59279601356782,-51.40060168635125,0.6491529707589847,-35.75963668043988
1,RF_PI,Set4,186.494769483405,0.06389764820479793,149.93436970286828,67.88696682452793,-73.8221794923592,0.8877719976470997,-52.69094675282793
2,P-wave,P-wave,197.22472325602243,0.5249748962610956,142.609756097561,-11.609756097560975,0.0,0.0,0.0
2,RF_PI,Set1,199.33415463266203,0.5147592245181456,145.43383966902846,-24.85833261534556,2.1094313766396056,-0.010215671742950017,2.824083571467469
2,RF_PI,Set2,167.44048508174748,0.6576149464169452,125.64538098181397,19.77282614293936,-29.784238174274947,0.13264005015584956,-16.964375115747018
2,RF_PI,Set3,197.74433834418792,0.522468563781148,139.97101511201728,-41.01652069931001,0.5196150881654944,-0.0025063324799475817,-2.6387409855437056
2,RF_PI,Set4,153.130857364381,0.7136354336697208,105.46557722074213,-21.39811329622547,-44.09386589164143,0.1886605374086252,-37.144178876818856
3,P-wave,P-wave,252.8075704083767,0.3089197823602752,192.02967359050444,-89.10385756676558,0.0,0.0,0.0
3,RF_PI,Set1,275.07963944331414,0.1817892061919114,210.82751737081495,-147.61529459085872,22.27206903493743,-0.12713057616836376,18.7978437803105
3,RF_PI,Set2,237.7737017824153,0.3886696603846068,173.59451682071312,-115.86321484611636,-15.033868625961418,0.07974987802433164,-18.43515676979132
3,RF_PI,Set3,268.75512643373804,0.2189805926912184,199.82088951046995,-140.6060220064218,15.947556025361337,-0.08993918966905678,7.791215919965509
3,RF_PI,Set4,237.65890304174798,0.38925982667227577,174.44543312968597,-113.88519885038062,-15.148667366628729,0.08034004431200059,-17.584240460818478
4,P-wave,P-wave,260.7579968462226,0.37715058311648186,199.70807453416148,-57.65217391304348,0.0,0.0,0.0
4,RF_PI,Set1,270.0439060139213,0.33199986186536057,199.914861877175,-112.31659219967183,9.285909167698662,-0.045150721251121295,0.20678734301353074
4,RF_PI,Set2,238.1302189014686,0.48055829861783983,173.46553844770347,-107.20989779458633,-22.62777794475403,0.10340771550135797,-26.242536086458017
4,RF_PI,Set3,244.01738287151153,0.45455706622779635,177.04447366011306,-100.74633180459759,-16.740613974711096,0.07740648311131448,-22.663600874048427
4,RF_PI,Set4,231.27935118912123,0.5100164378863759,166.59388563342455,-104.7705518970002,-29.478645657101396,0.132865854769894,-33.114188900736934
5,P-wave,P-wave,198.5997719429898,0.19907906655343477,157.35395189003435,43.965635738831615,0.0,0.0,0.0
5,RF_PI,Set1,188.3420129520666,0.2796781820006503,146.98970953853853,35.46793566412476,-10.257758990923207,0.08059911544721554,-10.364242351495818
5,RF_PI,Set2,162.7442166130528,0.46217215624926655,124.91819264262914,36.52786248878641,-35.855555329937005,0.2630930896958318,-32.435759247405215
5,RF_PI,Set3,155.1743760551589,0.5110413094131012,117.40255494508712,19.90316808824152,-43.425395887830916,0.31196224285966645,-39.951396944947234
5,RF_PI,Set4,150.65574438097835,0.5391033566899521,114.8822925860191,28.695232045647217,-47.944027562011456,0.34002429013651736,-42.47165930401525
6,P-wave,P-wave,244.44206651989023,-0.8032240234641295,182.3228346456693,123.69291338582677,0.0,0.0,0.0
6,RF_PI,Set1,244.359688017228,-0.8020088327523467,180.00314080396083,129.13329071844657,-0.08237850266223745,0.0012151907117827765,-2.319693841708471
6,RF_PI,Set2,177.71121677530797,0.04692413404600959,131.85086585682032,66.1482105291843,-66.73084974458226,0.8501481575101391,-50.47196878884898
6,RF_PI,Set3,245.2779549018486,-0.8155776349883461,164.5197540830569,121.23548348984265,0.8358883819583696,-0.012353611524216657,-17.803080562612394
6,RF_PI,Set4,211.87967963563983,-0.35480380169785475,151.73759794104225,95.16908662834835,-32.5623868842504,0.4484202217662747,-30.58523670462705
7,P-wave,P-wave,304.85014776246874,0.10201190333651311,246.31961259079904,-14.426150121065374,0.0,0.0,0.0
7,RF_PI,Set1,288.681705403036,0.19473970718708522,233.63454478579936,-74.01455488774401,-16.16844235943273,0.09272780385057211,-12.685067804999676
7,RF_PI,Set2,269.22859441792195,0.2996096917092004,213.1004341447134,-71.48603406871516,-35.62155334454678,0.19759778837268727,-33.219178446085635
7,RF_PI,Set3,277.91087434653633,0.2537079052164185,224.39934622318964,-50.21749367316778,-26.939273415932405,0.1516960018799054,-21.9202663676094
7,RF_PI,Set4,272.66376649565717,0.2816226688762943,217.7209357349594,-58.11185185500767,-32.186381266811566,0.17961076553978117,-28.598676855839642
8,P-wave,P-wave,261.13139769119744,0.3673745664300727,206.1820580474934,-71.3957783641161,0.0,0.0,0.0
8,RF_PI,Set1,291.9620563029255,0.2091733632226369,218.21529878439,-153.4528785710578,30.83065861172804,-0.1582012032074358,12.033240736896602
8,RF_PI,Set2,265.0769308218602,0.3481129879981295,192.46596039863704,-142.78246033447047,3.9455331306627386,-0.019261578431943205,-13.716097648856362
8,RF_PI,Set3,265.29033341149204,0.3470629503828383,201.89315845695,-132.5578532875675,4.158935720294608,-0.020311616047234415,-4.288899590543394
8,RF_PI,Set4,255.3489373492161,0.3950819115798395,186.03841446918506,-134.47365362145902,-5.782460341981334,0.027707345149766804,-20.143643578308343
9,P-wave,P-wave,296.50707317776494,-0.04652833314888993,233.2979797979798,60.43434343434343,0.0,0.0,0.0
9,RF_PI,Set1,281.7256838315831,0.05521332758123332,216.7508855229833,40.87280013637045,-14.781389346181811,0.10174166073012325,-16.547094274996482
9,RF_PI,Set2,248.18599247809206,0.2667781343348631,189.95397522598662,23.847996576923236,-48.321080699672876,0.313306467483753,-43.34400457199317
9,RF_PI,Set3,260.1678991862377,0.19427229884996278,202.51144963764256,24.503598189563235,-36.33917399152722,0.2408006319988527,-30.786530160337236
9,RF_PI,Set4,246.93000125036735,0.2741805665051612,192.04208711867653,36.962285318626265,-49.57707192739758,0.32070889965405114,-41.25589267930326
10,P-wave,P-wave,205.67016617000183,0.2334984642215725,160.08306709265176,48.325878594249204,0.0,0.0,0.0
10,RF_PI,Set1,193.49362371452972,0.3215720252330495,147.18745580459742,-11.659926989117931,-12.176542455472116,0.08807356101147701,-12.89561128805434
10,RF_PI,Set2,188.67531881612558,0.3549392510437245,150.2513894905448,63.990280664664795,-16.994847353876253,0.12144078682215198,-9.831677602106964
10,RF_PI,Set3,169.9534928918721,0.4766037330722336,131.63243463713323,-0.11050492382683427,-35.71667327812975,0.24310526885066108,-28.45063245551853
10,RF_PI,Set4,159.05249298960018,0.5415928396586626,122.6747616058243,32.90401390058572,-46.61767318040165,0.30809437543709006,-37.40830548682746
11,P-wave,P-wave,256.4612950004997,-0.05725968133234893,197.08035714285714,114.25892857142857,0.0,0.0,0.0
11,RF_PI,Set1,235.90698160920795,0.10541915091593157,182.67305199314453,84.43627153721746,-20.55431339129177,0.1626788322482805,-14.407305149712613
11,RF_PI,Set2,194.77217876609123,0.39019377462363714,149.70902143412604,39.3099215198827,-61.68911623440849,0.44745345595598607,-47.371335708731095
11,RF_PI,Set3,216.55553620736254,0.24616449131077456,165.42965412288459,58.28649819489692,-39.90575879313718,0.3034241726431235,-31.650703019972553
11,RF_PI,Set4,203.47126446548106,0.3345059500812251,150.4390460922104,30.85284380241198,-52.99003053501866,0.391765631413574,-46.64131105064675
12,P-wave,P-wave,187.48263271316833,0.43094186664993117,151.10773480662982,49.26243093922652,0.0,0.0,0.0
12,RF_PI,Set1,226.91406285622753,0.16640064149187772,179.07262854432992,41.96558082891774,39.4314301430592,-0.26454122515805345,27.964893737700095
12,RF_PI,Set2,173.88770779063358,0.5104778887642238,132.57271755148466,2.1018396397152794,-13.594924922534744,0.07953602211429267,-18.535017255145164
12,RF_PI,Set3,202.34807646648449,0.3371233690256713,163.07071778309216,55.15273447689088,14.865443753316157,-0.09381849762425987,11.962982976462342
12,RF_PI,Set4,185.27342765288878,0.44427386620312526,147.412781216603,19.032364385901744,-2.209205060279544,0.013331999553194085,-3.694953590026813
13,P-wave,P-wave,244.21938920342316,0.42372331027576926,197.29245283018867,-13.116352201257861,0.0,0.0,0.0
13,RF_PI,Set1,272.6725183832672,0.2816211959171442,211.25963487401054,-68.5927066835176,28.453129179844012,-0.14210211435862508,13.967182043821879
13,RF_PI,Set2,227.19839012527993,0.5012518809394713,184.59892412447192,-26.95084439760709,-17.020999078143234,0.077528570663702,-12.693528705716744
13,RF_PI,Set3,271.8624575218817,0.28588320333128514,206.41547082925564,-101.18356984239576,27.643068318458546,-0.13784010694448412,9.123017999066974
13,RF_PI,Set4,248.2414784420032,0.40458541387069746,186.60758198996982,-74.68876284292038,4.022089238580037,-0.019137896405071797,-10.68487084021885
14,P-wave,P-wave,153.39672909542477,0.2932910346287583,116.64124293785311,46.409604519774014,0.0,0.0,0.0
14,RF_PI,Set1,147.30921530772582,0.348269216515416,113.90124184157224,52.18581740439237,-6.087513787698953,0.05497818188665771,-2.7400010962808636
14,RF_PI,Set2,115.5194322716553,0.5992085075766796,91.20732763015198,35.15266700782894,-37.87729682376947,0.3059174729479214,-25.433915307701128
14,RF_PI,Set3,139.18211342280134,0.41819793806286265,100.90158592327101,22.52611975782755,-14.214615672623438,0.12490690343410438,-15.739657014582093
14,RF_PI,Set4,121.93506788191122,0.5534545677820812,96.48708496550555,40.353017816609025,-31.46166121351355,0.26016353315332297,-20.154157972347562
15,P-wave,P-wave,249.24735534636508,0.4037168502569277,184.7859531772575,-45.98327759197324,0.0,0.0,0.0
15,RF_PI,Set1,260.3657566455214,0.3493324482272795,191.15770015587822,-93.23233773463924,11.118401299156318,-0.05438440202964823,6.371746978620706
15,RF_PI,Set2,229.07852363757652,0.49631366328313775,159.85394224988906,-87.89261723692879,-20.16883170878856,0.09259681302621003,-24.932010927368452
15,RF_PI,Set3,256.9714169385995,0.36618712427378064,187.2596878387975,-92.62887390689222,7.724061592234392,-0.03752972598314708,2.473734661539993
15,RF_PI,Set4,227.41697927398073,0.5035938055136029,159.65404966112962,-82.77122828834716,-21.830376072384354,0.09987695525667517,-25.131903516127892
16,P-wave,P-wave,201.52571661659294,-0.21303968993942402,150.13253012048193,18.150602409638555,0.0,0.0,0.0
16,RF_PI,Set1,178.34454504203597,0.04997786728786635,131.06860335918037,-1.8486437454885738,-23.18117157455697,0.26301755722729037,-19.06392676130156
16,RF_PI,Set2,184.91534265114475,-0.021315577133841135,137.33744110108265,12.934100535728904,-16.61037396544819,0.19172411280558288,-12.795089019399285
16,RF_PI,Set3,179.0833832712115,0.04209013966391717,131.7158671470475,-23.31056020660053,-22.442333345381456,0.2551298296033412,-18.416662973434427
16,RF_PI,Set4,170.49120647813302,0.1318034999439034,122.94698033561403,-7.8843480149476015,-31.034510138459922,0.3448431898833274,-27.185549784867902
17,P-wave,P-wave,273.7210491832103,-0.024112350259587467,209.57683215130024,15.567375886524824,0.0,0.0,0.0
17,RF_PI,Set1,266.2323957447334,0.03115787830410366,204.2715333276863,-7.73288182561039,-7.488653438476888,0.055270228563691126,-5.305298823613924
17,RF_PI,Set2,235.90498849872054,0.23931393431222747,182.8077434297526,-5.80675950837301,-37.81606068448977,0.26342628457181494,-26.769088721547632
17,RF_PI,Set3,251.39768365460537,0.13611933242672258,195.49312591957442,-26.566684885444758,-22.32336552860494,0.16023168268631005,-14.083706231725813
17,RF_PI,Set4,234.98142915810547,0.24525839118103443,182.09249062287122,-4.385125050665144,-38.73962002510484,0.2693707414406219,-27.484341528429013
18,P-wave,P-wave,289.58489532814025,-0.09000270187794213,229.77624309392266,66.89226519337016,0.0,0.0,0.0
18,RF_PI,Set1,255.8513771933899,0.14915337274241902,198.791972322648,29.66236443244072,-33.73351813475034,0.23915607462036115,-30.98427077127465
18,RF_PI,Set2,211.75196779966143,0.41718506354274065,160.1682108693526,-20.742272492863982,-77.83292752847882,0.5071877654206828,-69.60803222457005
18,RF_PI,Set3,268.75711133905406,0.06115111960194397,204.33455342381194,27.621067799987216,-20.827783989086186,0.1511538214798861,-25.44168967011072
18,RF_PI,Set4,223.89761499834404,0.3484095680656215,172.65340437125732,1.876499419704256,-65.68728032979621,0.43841226994356364,-57.122838722665335
19,P-wave,P-wave,229.7887786490399,0.4224785871582072,169.75561097256858,-27.08229426433915,0.0,0.0,0.0
19,RF_PI,Set1,235.44180290938337,0.3937139061711171,169.10138379371392,-74.80799353180923,5.6530242603434715,-0.028764680987090063,-0.6542271788546543
19,RF_PI,Set2,212.63583627824846,0.5054805509418456,149.0279442549839,-62.409100667070454,-17.152942370791436,0.08300196378363844,-20.72766671758467
19,RF_PI,Set3,222.8270184281663,0.45694207488587657,158.35335081450515,-61.96719333215455,-6.9617602208736,0.034463487727669384,-11.402260158063427
19,RF_PI,Set4,206.59660671264322,0.5331720763587765,145.20298940947944,-66.29749852539628,-23.192171936396676,0.11069348920056932,-24.552621563089133
20,P-wave,P-wave,182.4192328245517,0.2031562557278963,144.2951289398281,11.567335243553009,0.0,0.0,0.0
20,RF_PI,Set1,180.7128583008911,0.21799410334536895,140.88406124000088,-4.758158663679413,-1.7063745236605996,0.014837847617472644,-3.411067699827214
20,RF_PI,Set2,166.17769723385072,0.3387321768925994,139.78551899654698,5.122982953277245,-16.241535590700977,0.13557592116470307,-4.509609943281106
20,RF_PI,Set3,181.18945016742788,0.2138639146142245,144.68625934345621,-3.9803168177492148,-1.2297826571238204,0.010707658886328186,0.3911304036281251
20,RF_PI,Set4,154.23078795291627,0.43039463346117046,122.75648474827979,-10.457207808427153,-28.188444871635426,0.22723837773327416,-21.5386441915483
21,P-wave,P-wave,279.14164878397656,0.18163758495578997,217.55364806866953,14.356223175965665,0.0,0.0,0.0
21,RF_PI,Set1,267.30605865022653,0.24956340996435478,205.7610035363525,-48.895400024483,-11.835590133750031,0.06792582500856481,-11.792644532317041
21,RF_PI,Set2,259.2041419367605,0.2943647454946804,193.00522778290295,-79.46151617965127,-19.93750684721607,0.11272716053889043,-24.548420285766582
21,RF_PI,Set3,253.23712851478686,0.3264789752777669,195.14372366174814,-60.55912592523008,-25.904520269189703,0.14484139032197696,-22.40992440692139
21,RF_PI,Set4,245.31624873685274,0.3679535060022544,184.9055538543395,-70.93398857557443,-33.82540004712382,0.18631592104646444,-32.64809421433003
22,P-wave,P-wave,249.9765654041025,-0.6766006781395772,187.2192118226601,49.43103448275862,0.0,0.0,0.0
22,RF_PI,Set1,226.85327216029876,-0.38076935605061935,174.40623203293995,33.328194328347564,-23.123293243803744,0.2958313220889579,-12.812979789720146
22,RF_PI,Set2,194.0955048570566,-0.010792472602205283,157.42033336843932,31.141291389469735,-55.881060547045905,0.665808205537372,-29.798878454220784
22,RF_PI,Set3,227.31678500881537,-0.38641757234923246,169.9333482837086,27.82607941153168,-22.65978039528713,0.2901831057903448,-17.285863538951503
22,RF_PI,Set4,193.4559228061176,-0.004141936543961888,149.08901756855246,32.18863988271498,-56.5206425979849,0.6724587415956154,-38.130194254107636
23,P-wave,P-wave,212.58749749093164,0.3794913878763232,171.94888178913737,24.93929712460064,0.0,0.0,0.0
23,RF_PI,Set1,233.07861013001246,0.25410582823189864,178.09003159251907,-45.60758309979906,20.491112639080825,-0.12538555964442455,6.141149803381694
23,RF_PI,Set2,205.16840018807883,0.4220459406893199,167.95404577015105,-7.04594839840384,-7.419097302852805,0.04255455281299669,-3.9948360189863195
23,RF_PI,Set3,202.2609791706332,0.4383101382969363,156.50804532896916,-33.57660801908089,-10.326518320298447,0.05881875042061313,-15.440836460168214
23,RF_PI,Set4,193.40595063222912,0.48641534582744517,149.56993460536253,-18.765757124137224,-19.181546858702518,0.10692395795112197,-22.37894718377484
24,P-wave,P-wave,302.252231757203,-0.15850892419329377,238.97513812154696,79.4060773480663,0.0,0.0,0.0
24,RF_PI,Set1,282.50907006189186,-0.012104002144164072,221.04538888947343,77.74254377917305,-19.74316169531113,0.1464049220491297,-17.929749232073533
24,RF_PI,Set2,240.94810580010378,0.2637803852230428,188.83593257111934,37.696735403679625,-61.30412595709922,0.4222893094163366,-50.13920555042762
24,RF_PI,Set3,242.7109477720199,0.25296821050705887,189.44545279279333,63.35958771578553,-59.5412839851831,0.41147713470035263,-49.52968532875363
24,RF_PI,Set4,253.94503630899797,0.18221374316071814,194.17478410964802,50.26360867773146,-48.30719544820502,0.3407226673540119,-44.800354011898946
25,P-wave,P-wave,203.31415505479603,0.5608758047040868,152.53753753753753,17.594594594594593,0.0,0.0,0.0
25,RF_PI,Set1,234.7137807790549,0.4147663178261053,175.3346725022259,-17.89582728791513,31.39962572425887,-0.14610948687798153,22.797134964688382
25,RF_PI,Set2,242.88477987429573,0.37331003994594325,163.67332818979946,-59.125368585712046,39.5706248194997,-0.18756576475814357,11.135790652261932
25,RF_PI,Set3,204.60676220062402,0.555274429519772,151.7002411446367,1.7362148322974937,1.2926071458279864,-0.005601375184314805,-0.8372963929008392
25,RF_PI,Set4,229.18028577967385,0.4420353971046441,155.75319444216052,-49.11764049389907,25.86613072487782,-0.1188404075994427,3.215656904622989
26,P-wave,P-wave,267.2924636565656,0.42734191679477584,210.05637982195844,-30.7566765578635,0.0,0.0,0.0
26,RF_PI,Set1,287.4927721353006,0.33751533701290726,222.45141960716683,-71.69214415686366,20.200308478734996,-0.08982657978186859,12.395039785208382
26,RF_PI,Set2,260.5384409878244,0.4559164599703961,203.4792038083854,-67.02802708724222,-6.754022668741186,0.02857454317562025,-6.577176013573052
26,RF_PI,Set3,261.9772859141169,0.4498903739935991,202.46111273639877,-65.64777279565959,-5.315177742448668,0.022548457198823257,-7.595267085559669
26,RF_PI,Set4,254.5950423267378,0.4804565758474413,197.81303913927837,-64.14856317954761,-12.69742132982779,0.053114659052665436,-12.24334068268007
27,P-wave,P-wave,263.98000383408294,0.39704076955837586,203.53333333333333,-63.45454545454545,0.0,0.0,0.0
27,RF_PI,Set1,271.6649972826102,0.36142302260502446,204.43645145141795,-105.47479249687335,7.68499344852728,-0.035617746953351404,0.9031181180846204
27,RF_PI,Set2,253.62861980698224,0.44340102395390457,191.63902203758616,-111.4829003878333,-10.351384027100693,0.04636025439552871,-11.894311295747173
27,RF_PI,Set3,261.9453693351425,0.4062996060389248,193.31849525778725,-106.37468521426311,-2.03463449894042,0.009258836480548926,-10.214838075546083
27,RF_PI,Set4,253.4600512698436,0.44414063997891906,190.50754305782567,-113.49959726020222,-10.519952564239333,0.0470998704205432,-13.02579027550766
28,P-wave,P-wave,200.57600899563084,0.36028206896924964,143.84923076923076,39.683076923076925,0.0,0.0,0.0
28,RF_PI,Set1,188.95067315263196,0.43228882940030244,140.1633319669705,52.3286443822303,-11.62533584299888,0.07200676043105281,-3.6858988022602546
28,RF_PI,Set2,163.19292175280864,0.5765197227766232,102.5833175907652,24.433529091816737,-37.3830872428222,0.2162376538073736,-41.26591317846555
28,RF_PI,Set3,174.18314740359602,0.5175605425962715,128.46824458855377,53.883828587493504,-26.39286159203482,0.15727847362702185,-15.380986180676985
28,RF_PI,Set4,164.1326129510375,0.5716287460330183,108.67674859686244,36.89936204322897,-36.44339604459336,0.21134667706376864,-35.17248217236832
29,P-wave,P-wave,216.01713895195365,0.39072547763663257,163.84259259259258,-18.92283950617284,0.0,0.0,0.0
29,RF_PI,Set1,224.45038337929256,0.34222509355790165,170.24357674953862,-36.15136618572173,8.433244427338906,-0.04850038407873092,6.400984156946038
29,RF_PI,Set2,210.1783689113493,0.4232167588671699,164.06519566264117,-43.10774693450594,-5.838770040604345,0.03249128123053735,0.22260307004859214
29,RF_PI,Set3,210.344580557747,0.42230414355423485,158.20906976428043,-39.82870507538122,-5.672558394206646,0.03157866591760228,-5.633522828312152
29,RF_PI,Set4,204.41422067213063,0.45441953785019584,152.62660310580455,-69.65226223935039,-11.60291827982303,0.06369406021356327,-11.215989486788033
30,P-wave,P-wave,285.77925978994165,-0.21642102343153713,225.1711956521739,96.50815217391305,0.0,0.0,0.0
30,RF_PI,Set1,272.37978732193847,-0.10502538863942079,212.35450350341117,105.84080801221812,-13.399472468003182,0.11139563479211634,-12.81669214876274
30,RF_PI,Set2,222.55275067401178,0.262285302166539,176.6590054527041,70.16918238805229,-63.22650911592987,0.47870632559807613,-48.51219019946981
30,RF_PI,Set3,236.45736363474865,0.16722402092958688,185.32820102773755,67.4551736204812,-49.321896155193,0.383645044361124,-39.84299462443636
30,RF_PI,Set4,222.18724315852018,0.2647064705852026,174.3587313551683,61.375265948846746,-63.59201663142147,0.4811274940167397,-50.81246429700562
31,P-wave,P-wave,303.58526586756005,-0.1677124165890651,241.740614334471,99.73378839590444,0.0,0.0,0.0
31,RF_PI,Set1,281.50968878692544,-0.004063574370402723,231.33689368526439,94.96488137045286,-22.075577080634616,0.16364884221866238,-10.403720649206605
31,RF_PI,Set2,228.68793728852674,0.33738535072736664,187.17274669271873,58.72073109142643,-74.89732857903331,0.5050977673164317,-54.56786764175226
31,RF_PI,Set3,279.66453407295353,0.00905555514346379,230.21894356008866,83.20376585727327,-23.920731794606525,0.1767679717325289,-11.52167077438233
31,RF_PI,Set4,243.8553186047052,0.24657681072805138,199.06273223009387,66.70753528857318,-59.729947262854864,0.4142892273171165,-42.67788210437712
32,P-wave,P-wave,242.57946789787061,-0.25847811422901046,175.4766081871345,95.99122807017544,0.0,0.0,0.0
32,RF_PI,Set1,229.82037390512642,-0.12957388411016524,171.77047114870297,100.33611896864652,-12.759093992744198,0.12890423011884522,-3.7061370384315353
32,RF_PI,Set2,188.56058520831652,0.2396046999479312,144.4566461907254,52.53281191964454,-54.01888268955409,0.49808281417694167,-31.01996199640911
32,RF_PI,Set3,206.80088956431808,0.08537641902910054,153.4385633554801,88.95460918553788,-35.77857833355253,0.343854533258111,-22.03804483165439
32,RF_PI,Set4,186.44172249277497,0.25659786784648997,150.67859625779622,59.135035646877306,-56.13774540509564,0.5150759820755004,-24.798011929338287
33,P-wave,P-wave,202.64529392886269,0.1416513101342035,161.2969696969697,2.1575757575757577,0.0,0.0,0.0
33,RF_PI,Set1,189.4843608571752,0.24952289791534732,148.5953687856842,-12.626294709088722,-13.16093307168748,0.10787158778114381,-12.70160091128551
33,RF_PI,Set2,172.32470581660928,0.3792942119999164,133.83024177024672,-24.112603617948896,-30.320588112253404,0.2376429018657129,-27.466727926722996
33,RF_PI,Set3,184.55077609695815,0.28809432428523607,139.55469663265285,-16.924870204050908,-18.09451783190454,0.14644301415103256,-21.742273064316862
33,RF_PI,Set4,172.8678147053842,0.3753755392995205,133.19801802232791,-23.68140258651636,-29.77747922347848,0.233724229165317,-28.098951674641796
34,P-wave,P-wave,241.4500862375993,-0.18129758477761415,177.74174174174175,92.4084084084084,0.0,0.0,0.0
34,RF_PI,Set1,206.99140342238582,0.13182114418404256,155.44435798492577,81.67169935542789,-34.45868281521348,0.3131187289616567,-22.297383756815975
34,RF_PI,Set2,165.86145479557103,0.4425633398171963,130.74757442690543,33.96542374441338,-75.58863144202826,0.6238609245948105,-46.99416731483632
34,RF_PI,Set3,190.04414753775268,0.26816430842753636,141.6597277320381,56.32662991395975,-51.405938699846615,0.4494618932051505,-36.08201400970364
34,RF_PI,Set4,170.1645915470626,0.4132636733635544,135.65964108643425,49.80276716109572,-71.2854946905367,0.5945612581411686,-42.0821006553075
35,P-wave,P-wave,221.3732199094434,0.41409752353996565,168.78947368421052,-17.698060941828256,0.0,0.0,0.0
35,RF_PI,Set1,222.66372460516763,0.4072465251673326,164.25498109694212,-53.46185868619931,1.2905046957242234,-0.006850998372633033,-4.534492587268403
35,RF_PI,Set2,192.5022752266314,0.5569559550695404,143.2887418259961,-40.160958612007576,-28.870944682811995,0.14285843152957478,-25.500731858214408
35,RF_PI,Set3,215.69239868418458,0.44378224214382966,156.94471658017116,-46.44112710575354,-5.680821225258825,0.029684718603864013,-11.84475710403936
35,RF_PI,Set4,187.3230391616483,0.5804752761957463,138.8798558202344,-40.565234539527694,-34.05018074779511,0.1663777526557807,-29.90961786397611
36,P-wave,P-wave,226.17393246630508,0.1764050265046243,173.8181818181818,-43.07954545454545,0.0,0.0,0.0
36,RF_PI,Set1,237.64009882203214,0.09078197327016468,179.4217197700585,-104.87347876374861,11.466166355727069,-0.08562305323445962,5.603537951876689
36,RF_PI,Set2,232.0355677926265,0.13316245876711907,189.30907705772944,-41.94103627320573,5.861635326321419,-0.04324256773750523,15.490895239547626
36,RF_PI,Set3,229.13967756930174,0.15466435052870342,170.9680500892975,-92.21019072464011,2.9657451029966637,-0.021740675975920887,-2.850131728884321
36,RF_PI,Set4,219.92751624014812,0.221268525547888,168.9580497161127,-78.08859873669545,-6.246416226156953,0.0448634990432637,-4.860132102069116
37,P-wave,P-wave,232.09539152949756,0.17947266059735867,174.08615384615385,6.683076923076923,0.0,0.0,0.0
37,RF_PI,Set1,217.59508248681146,0.27879592110092455,167.13104426918014,10.606794139369066,-14.500309042686098,0.09932326050356588,-6.955109576973712
37,RF_PI,Set2,218.03777383095542,0.2758583953685485,169.17257567284787,-58.95209202945584,-14.057617698542145,0.09638573477118983,-4.913578173305979
37,RF_PI,Set3,216.16459800543558,0.2882472385984044,162.7870585846119,-10.283506280461415,-15.930793524061983,0.10877457800104573,-11.299095261541936
37,RF_PI,Set4,209.09188432165948,0.33406111516792636,155.6847044795437,-63.9986916924204,-23.003507207838084,0.1545884545705677,-18.401449366610137
38,P-wave,P-wave,212.80474069962253,0.22235553959439858,160.88686131386862,37.332116788321166,0.0,0.0,0.0
38,RF_PI,Set1,207.43551422961156,0.26110162748102916,153.54403768982854,20.529396119145687,-5.369226470010972,0.03874608788663059,-7.342823624040079
38,RF_PI,Set2,215.49003524610166,0.2026061720430805,154.1645789716917,-42.93541244998214,2.6852945464791276,-0.019749367551318064,-6.722282342176925
38,RF_PI,Set3,189.13059516760143,0.3857543863415336,142.31651754261955,16.790991493365595,-23.6741455320211,0.163398846747135,-18.57034377124907
38,RF_PI,Set4,209.85955845100062,0.24373152901166562,149.25779625208077,-42.87073719967264,-2.9451822486219044,0.02137598941726704,-11.629065061787855
39,P-wave,P-wave,288.1389590136893,-0.1678923732010298,236.4597014925373,74.63283582089552,0.0,0.0,0.0
39,RF_PI,Set1,253.34988196459133,0.09709871883001364,207.49993791291072,8.208964037543355,-34.78907704909798,0.26499109203104343,-28.959763579626582
39,RF_PI,Set2,234.96996472733733,0.22335319482714744,185.07485882135833,-41.25543789488467,-53.16899428635199,0.3912455680281772,-51.38484267117897
39,RF_PI,Set3,252.25428147639138,0.10489094797534193,201.0638245578189,9.729565634739727,-35.88467753729793,0.2727833211763717,-35.395876934718416
39,RF_PI,Set4,252.51462290067374,0.10304238297509738,200.2007091656732,-16.50101972315361,-35.62433611301557,0.27093475617612717,-36.2589923268641
40,P-wave,P-wave,259.16707167047934,-0.03670744253062619,208.65300546448088,-20.620218579234972,0.0,0.0,0.0
40,RF_PI,Set1,238.51524572164573,0.12193056253751411,181.72620218452334,-79.98919254539389,-20.65182594883362,0.1586380050681403,-26.92680327995754
40,RF_PI,Set2,213.27684689482416,0.2979242121827107,158.93929780251543,-79.26124813731234,-45.890224775655184,0.3346316547133369,-49.71370766196546
40,RF_PI,Set3,234.6351618578052,0.15026645554910845,172.86113915166612,-86.82807380892599,-24.531909812674144,0.18697389807973464,-35.79186631281476
40,RF_PI,Set4,215.07965422521295,0.28600489845836685,160.711297957572,-86.93124447882471,-44.0874174452664,0.32271234098899304,-47.9417075069089
41,P-wave,P-wave,222.12070775915288,0.3695874478471042,168.17079889807164,-11.305785123966942,0.0,0.0,0.0
41,RF_PI,Set1,216.89914479688213,0.39887826132455506,160.99475395222703,-18.429198178676987,-5.2215629622707525,0.029290813477450883,-7.176044945844609
41,RF_PI,Set2,197.35247810263115,0.502340931038924,151.8383709270109,-5.9018627181019205,-24.768229656521726,0.1327534831918198,-16.332427971060724
41,RF_PI,Set3,206.78027869097247,0.4536574980096605,149.43989583049455,-25.90574728714136,-15.340429068180413,0.08407005016255631,-18.73090306757709
41,RF_PI,Set4,193.91703636539404,0.5195162714559913,147.80175328486425,-12.089448801441023,-28.20367139375884,0.14992882360888715,-20.36904561320739
42,P-wave,P-wave,235.17794961303179,0.4926488761941381,179.300395256917,-61.32411067193676,0.0,0.0,0.0
42,RF_PI,Set1,276.9281187793883,0.2965235905689214,209.21718836299715,-118.37140892186123,41.7501691663565,-0.1961252856252167,29.91679310608015
42,RF_PI,Set2,266.58193360089183,0.34810619374115015,196.27284245283664,-114.10839390904769,31.403983987860045,-0.14454268245298796,16.972447195919642
42,RF_PI,Set3,250.97625590044825,0.4221957929799166,186.2966000601028,-105.08044777393393,15.798306287416466,-0.0704530832142215,6.996204803185805
42,RF_PI,Set4,260.3584392815864,0.3781885049095627,191.70554339067507,-102.69302627933389,25.18048966855463,-0.11446037128457542,12.405148133758075
43,P-wave,P-wave,204.83680735419313,0.6089496877992291,153.58823529411765,-2.6013071895424837,0.0,0.0,0.0
43,RF_PI,Set1,245.19059591547713,0.4396953084641029,175.04727821514675,-34.39452234124742,40.353788561284006,-0.16925437933512621,21.459042921029095
43,RF_PI,Set2,223.25582541839964,0.535460936444782,155.0275451225558,-66.70289464904909,18.41901806420651,-0.0734887513544471,1.4393098284381551
43,RF_PI,Set3,205.9206627126516,0.6048004011377086,143.1251361953572,-49.00424964786327,1.0838553584584645,-0.004149286661520479,-10.463099098760466
43,RF_PI,Set4,217.99295591713812,0.5571042006421889,151.47937550233013,-64.53199118061386,13.156148562944992,-0.05184548715704018,-2.1088597917875234
44,P-wave,P-wave,189.16925854876175,0.16246683493576985,149.0586592178771,-45.32122905027933,0.0,0.0,0.0
44,RF_PI,Set1,211.91081865498055,-0.05101072725370348,166.61089714072128,-81.01149692861864,22.7415601062188,-0.21347756218947334,17.55223792284417
44,RF_PI,Set2,203.45792060188862,0.031164389482672195,161.92277681636077,-91.36878750454804,14.28866205312687,-0.13130244545309766,12.86411759848366
44,RF_PI,Set3,200.67674373757004,0.05747043707562205,159.6983318074065,-68.78220500449451,11.507485188808289,-0.1049963978601478,10.639672589529397
44,RF_PI,Set4,198.26407045976245,0.07999767126869939,156.48815612122164,-90.23074304576579,9.094811911000704,-0.08246916366707047,7.429496903344528
45,P-wave,P-wave,275.9557305391416,0.17740254904331998,216.9076086956522,-92.125,0.0,0.0,0.0
45,RF_PI,Set1,286.4155656000478,0.11386118884910812,220.829873028059,-149.50856521479474,10.459835060906187,-0.06354136019421186,3.922264332406826
45,RF_PI,Set2,262.00446527440397,0.2584748061933828,205.98726273019898,-139.68275521577405,-13.951265264737629,0.08107225715006283,-10.920345965453208
45,RF_PI,Set3,269.02356814448876,0.21821167177506628,207.69679220287782,-133.52719386551263,-6.932162394652835,0.040809122731746306,-9.21081649277437
45,RF_PI,Set4,256.50602025484864,0.2892716319046056,198.4908191863447,-132.89504801041366,-19.449710284292962,0.11186908286128561,-18.416789509307478
46,P-wave,P-wave,193.52822224299118,0.5410963139131193,149.8640226628895,4.028328611898017,0.0,0.0,0.0
46,RF_PI,Set1,234.60979855814875,0.32558809973840197,171.43428991530416,-18.97101865090085,41.08157631515758,-0.21550821417471733,21.570267252414652
46,RF_PI,Set2,227.7070756550708,0.36468957261114743,162.0246549804585,-10.471666342882132,34.17885341207963,-0.17640674130197187,12.160632317568997
46,RF_PI,Set3,202.7007854476213,0.4965645486075533,149.8855790140277,-26.271198696155523,9.172563204630137,-0.04453176530556602,0.021556351138201535
46,RF_PI,Set4,220.90058647954743,0.4021025935422964,152.59348443305979,-31.17572155480321,27.37236423655625,-0.13899372037082292,2.729461770170275
47,P-wave,P-wave,256.39331588875797,0.06198752617524872,199.52162162162162,122.5972972972973,0.0,0.0,0.0
47,RF_PI,Set1,234.2397805228069,0.2170815627557129,184.83887817004074,103.62679402325134,-22.153535365951058,0.15509403658046417,-14.682743451580876
47,RF_PI,Set2,197.00567934808518,0.44620030999365523,156.34248324267145,56.81384036876305,-59.38763654067279,0.3842127838184065,-43.17913837895017
47,RF_PI,Set3,229.10921704527166,0.2510025519610105,174.21984567807257,96.67633663888691,-27.284098843486305,0.1890150257857618,-25.301775943549046
47,RF_PI,Set4,230.9783092626413,0.23873193487536593,174.89956196339088,74.68719365161249,-25.41500662611668,0.1767444087001172,-24.62205965823074
48,P-wave,P-wave,293.2924077846005,0.2290418585364804,228.71270718232043,65.90055248618785,0.0,0.0,0.0
48,RF_PI,Set1,271.7062472959818,0.3383498647649441,216.69087534286314,28.652913483970877,-21.586160488618702,0.1093080062284637,-12.021831839457292
48,RF_PI,Set2,255.00104878708848,0.41720865899553927,191.30442139669145,-11.668475531679253,-38.29135899751205,0.18816680045905887,-37.408285785628976
48,RF_PI,Set3,259.60878692134185,0.3959568928042406,199.8301569254062,16.018050643831316,-33.68362086325868,0.16691503426776022,-28.882550256914243
48,RF_PI,Set4,251.23908730148798,0.43427734449892264,188.49242090297943,-3.7025037321633656,-42.05332048311254,0.20523548596244223,-40.220286279340996
49,P-wave,P-wave,198.84118065946606,0.3063396696908265,144.89635854341736,39.28851540616247,0.0,0.0,0.0
49,RF_PI,Set1,186.59598038628707,0.38914411807008,131.1096828332536,13.868126335862208,-12.245200273178995,0.08280444837925349,-13.786675710163763
49,RF_PI,Set2,188.48422156071493,0.3767185630522534,138.28511778844293,57.88033700094471,-10.356959098751133,0.07037889336142689,-6.611240754974432
49,RF_PI,Set3,178.16666867348547,0.44308731326474005,128.0740950100959,2.4436413416256237,-20.674511985980587,0.13674764357391356,-16.82226353332146
49,RF_PI,Set4,176.16395908874406,0.45553706989829534,125.76595348326589,16.52657624738902,-22.677221570721997,0.14919740020746886,-19.130405060151475
50,P-wave,P-wave,172.16528284002155,0.5950887108661105,138.0034965034965,19.43006993006993,0.0,0.0,0.0
50,RF_PI,Set1,199.54964392976112,0.45603539853376795,148.40540654388002,2.512649686017285,27.38436108973957,-0.13905331233234253,10.401910040383513
50,RF_PI,Set2,179.8605041154857,0.5580833780070324,130.20666640171152,-29.716230304137703,7.695221275464149,-0.03700533285907803,-7.796830101784991
50,RF_PI,Set3,177.6150219041505,0.5690487825186291,136.6694812396227,4.209834972506997,5.4497390641289485,-0.026039928347481367,-1.3340152638737948
50,RF_PI,Set4,187.70311736302037,0.5187046172371255,138.8295776576834,-19.928683226024763,15.537834522998821,-0.07638409362898502,0.8260811541868804
